System,ROUGE_L,BERTScore,SemanticSimilarity
No-RAG,0.2577076230687524,0.6851996183395386,0.48981366
RAG,0.2769312548883889,0.6899112462997437,0.540392
